"","Countries","year","gdp_pc","g_gdppc","sh","cr","cr_sh"
"1","Argentina","1980",7908.022618,-0.029632055,0,0,0
"2","Argentina","1981",7380.674984,-6.668514496,0,0,0
"3","Argentina","1982",7210.347021,-2.307755905,1,0,0
"4","Argentina","1983",7403.72721,2.681981722,1,0,0
"5","Argentina","1984",7399.889119,-0.051839979,1,1,1
"6","Argentina","1985",6904.645044,-6.692587785,1,1,1
"7","Argentina","1986",7214.270703,4.484309572,0,0,0
"8","Argentina","1987",7294.064256,1.106051555,1,0,0
"9","Argentina","1988",7104.181201,-2.603254489,1,1,1
"10","Argentina","1989",6497.425545,-8.540824598,0,1,0
"11","Argentina","1990",6245.708577,-3.874103165,1,1,1
"12","Argentina","1991",6721.278239,7.614342819,0,0,0
"13","Argentina","1992",7157.328311,6.487606324,1,0,0
"14","Argentina","1993",7644.235692,6.802920861,1,0,0
"15","Argentina","1994",7988.644614,4.505472299,1,0,0
"16","Argentina","1995",7666.530004,-4.032155953,0,0,0
"17","Argentina","1996",7994.243371,4.27459837,0,0,0
"18","Argentina","1997",8543.028534,6.864754271,0,0,0
"19","Argentina","1998",8772.06321,2.680954121,1,0,0
"20","Argentina","1999",8381.253998,-4.455157264,0,1,0
"21","Argentina","2000",8224.112827,-1.874912415,1,1,1
"22","Argentina","2001",7776.137872,-5.447091545,1,1,1
"23","Argentina","2002",6854.294081,-11.85477684,0,1,0
"24","Argentina","2003",7380.467087,7.676545539,1,0,0
"25","Argentina","2004",7962.412309,7.884937565,1,0,0
"26","Argentina","2005",8577.864994,7.729475205,0,0,0
"27","Argentina","2006",9174.502458,6.955547382,0,0,0
"28","Argentina","2007",9901.511881,7.924238139,1,0,0
"29","Argentina","2008",10201.47594,3.029477312,0,0,0
"30","Argentina","2009",9502.243585,-6.854227333,1,0,0
"31","Argentina","2010",10385.96443,9.300128322,1,0,0
"32","Argentina","2011",10883.31536,4.788683139,1,0,0
"33","Argentina","2012",10649.83729,-2.14528445,1,0,0
"34","Argentina","2013",10784.6307,1.265685175,1,0,0
"35","Argentina","2014",10398.69401,-3.57858051,0,1,0
"36","Argentina","2015",10568.15781,1.629664279,1,0,0
"37","Argentina","2016",10239.48135,-3.110063898,1,1,1
"38","Argentina","2017",10404.26351,1.609282344,0,0,0
"39","Argentina","2018",10043.50855,-3.467376243,0,0,0
"40","Belize","1980",2221.916287,11.19399477,0,0,0
"41","Belize","1981",2195.165649,-1.203944452,1,0,0
"42","Belize","1982",2135.860765,-2.701613182,0,0,0
"43","Belize","1983",2032.113192,-4.857412723,0,1,0
"44","Belize","1984",2013.710548,-0.905591521,0,1,0
"45","Belize","1985",1977.684929,-1.78901675,0,1,0
"46","Belize","1986",2010.802448,1.674559946,0,0,0
"47","Belize","1987",2165.968761,7.716636365,1,0,0
"48","Belize","1988",2315.432784,6.900562251,1,0,0
"49","Belize","1989",2553.314585,10.2737511,0,0,0
"50","Belize","1990",2783.553864,9.017270339,1,0,0
"51","Belize","1991",3044.610775,9.378547145,1,0,0
"52","Belize","1992",3355.661324,10.21643066,0,0,0
"53","Belize","1993",3506.737155,4.502117964,1,0,0
"54","Belize","1994",3441.619799,-1.856921508,0,0,0
"55","Belize","1995",3375.374233,-1.924836838,1,1,1
"56","Belize","1996",3316.21019,-1.752814328,0,1,0
"57","Belize","1997",3311.087053,-0.154487695,0,1,0
"58","Belize","1998",3305.687426,-0.163077165,0,0,0
"59","Belize","1999",3464.328551,4.799035836,0,0,0
"60","Belize","2000",3783.540517,9.214252098,1,0,0
"61","Belize","2001",3852.610809,1.825546531,1,0,0
"62","Belize","2002",3936.951479,2.189182179,1,0,0
"63","Belize","2003",4191.609328,6.468402024,0,0,0
"64","Belize","2004",4274.138256,1.968907935,0,0,0
"65","Belize","2005",4271.612591,-0.059091798,0,0,0
"66","Belize","2006",4351.869006,1.878831785,0,0,0
"67","Belize","2007",4286.740407,-1.49656617,1,0,0
"68","Belize","2008",4312.686455,0.60526286,1,0,0
"69","Belize","2009",4233.549926,-1.834970614,1,1,1
"70","Belize","2010",4270.799647,0.879869659,0,0,0
"71","Belize","2011",4260.461751,-0.242059957,0,0,0
"72","Belize","2012",4284.899461,0.573592985,0,0,0
"73","Belize","2013",4224.967251,-1.398684164,1,1,1
"74","Belize","2014",4286.113,1.447247899,0,0,0
"75","Belize","2015",4340.267536,1.263488278,1,0,0
"76","Belize","2016",4227.291321,-2.602978122,1,1,1
"77","Belize","2017",4203.959118,-0.551942156,0,1,0
"78","Belize","2018",4248.999055,1.071369529,1,0,0
"79","Bolivia","1980",1649.255629,-3.448930948,0,0,0
"80","Bolivia","1981",1619.790819,-1.786551989,0,0,0
"81","Bolivia","1982",1524.614155,-5.875861461,1,0,0
"82","Bolivia","1983",1433.774844,-5.958183612,1,1,1
"83","Bolivia","1984",1402.225162,-2.200462817,0,1,0
"84","Bolivia","1985",1350.754114,-3.670669276,1,1,1
"85","Bolivia","1986",1288.940231,-4.5762498,1,1,1
"86","Bolivia","1987",1293.286087,0.337165072,0,0,0
"87","Bolivia","1988",1303.10781,0.759439286,0,0,0
"88","Bolivia","1989",1324.16335,1.61579414,0,0,0
"89","Bolivia","1990",1356.539937,2.445059947,0,0,0
"90","Bolivia","1991",1398.123063,3.065381596,0,0,0
"91","Bolivia","1992",1391.480168,-0.475129472,1,0,0
"92","Bolivia","1993",1420.743276,2.10302011,1,0,0
"93","Bolivia","1994",1456.394605,2.509343516,0,0,0
"94","Bolivia","1995",1493.418468,2.542158718,0,0,0
"95","Bolivia","1996",1527.111341,2.25609057,0,0,0
"96","Bolivia","1997",1570.824978,2.862504921,1,0,0
"97","Bolivia","1998",1617.367106,2.962909853,1,0,0
"98","Bolivia","1999",1592.737415,-1.522826283,0,0,0
"99","Bolivia","2000",1601.416658,0.544926185,1,0,0
"100","Bolivia","2001",1597.642011,-0.235706734,1,1,1
"101","Bolivia","2002",1606.904677,0.579771055,1,0,0
"102","Bolivia","2003",1620.263664,0.83134905,1,0,0
"103","Bolivia","2004",1657.505128,2.298481738,1,0,0
"104","Bolivia","2005",1700.182791,2.574813306,1,0,0
"105","Bolivia","2006",1750.803048,2.97734206,0,0,0
"106","Bolivia","2007",1799.498546,2.781323569,1,0,0
"107","Bolivia","2008",1878.110313,4.3685374,1,0,0
"108","Bolivia","2009",1909.084588,1.649225543,1,0,0
"109","Bolivia","2010",1955.461557,2.42927786,1,0,0
"110","Bolivia","2011",2024.117324,3.510975031,1,0,0
"111","Bolivia","2012",2094.024217,3.453697676,0,0,0
"112","Bolivia","2013",2201.396848,5.127573478,0,0,0
"113","Bolivia","2014",2286.013198,3.843757228,1,0,0
"114","Bolivia","2015",2361.056581,3.282718711,0,0,0
"115","Bolivia","2016",2425.56159,2.732039942,1,0,0
"116","Bolivia","2017",2490.956314,2.696065296,0,0,0
"117","Bolivia","2018",2559.511317,2.752155942,0,0,0
"118","Brazil","1980",8349.48782,6.56557614,0,0,0
"119","Brazil","1981",7796.854344,-6.618770973,0,0,0
"120","Brazil","1982",7660.578573,-1.747830151,1,0,0
"121","Brazil","1983",7230.716108,-5.611357687,1,1,1
"122","Brazil","1984",7442.972411,2.93548107,1,0,0
"123","Brazil","1985",7862.703519,5.639294158,1,0,0
"124","Brazil","1986",8316.516809,5.771720735,1,0,0
"125","Brazil","1987",8445.712012,1.553477327,1,0,0
"126","Brazil","1988",8276.326867,-2.005575658,1,0,0
"127","Brazil","1989",8389.978723,1.373216127,1,0,0
"128","Brazil","1990",7983.746776,-4.841871,0,1,0
"129","Brazil","1991",7963.111809,-0.2584622,0,1,0
"130","Brazil","1992",7791.757425,-2.151852029,1,1,1
"131","Brazil","1993",8020.606574,2.93706716,1,0,0
"132","Brazil","1994",8311.560888,3.627584918,0,0,0
"133","Brazil","1995",8540.076878,2.74937515,0,0,0
"134","Brazil","1996",8591.014709,0.596456353,1,0,0
"135","Brazil","1997",8744.846346,1.790610798,1,0,0
"136","Brazil","1998",8641.275309,-1.18436657,1,1,1
"137","Brazil","1999",8554.072776,-1.009139625,0,0,0
"138","Brazil","2000",8803.152529,2.911826443,1,0,0
"139","Brazil","2001",8804.329488,0.013369738,1,0,0
"140","Brazil","2002",8954.837245,1.709474389,1,0,0
"141","Brazil","2003",8943.828483,-0.122936492,1,0,0
"142","Brazil","2004",9346.039343,4.497077078,1,0,0
"143","Brazil","2005",9535.41883,2.026307404,1,0,0
"144","Brazil","2006",9805.724506,2.834754095,0,0,0
"145","Brazil","2007",10293.53034,4.974704674,1,0,0
"146","Brazil","2008",10710.87222,4.054409568,1,0,0
"147","Brazil","2009",10594.98659,-1.081943896,1,0,0
"148","Brazil","2010",11286.24302,6.524372804,1,0,0
"149","Brazil","2011",11627.81065,3.026406873,1,0,0
"150","Brazil","2012",11745.77593,1.014509775,1,0,0
"151","Brazil","2013",11993.48398,2.108911835,1,0,0
"152","Brazil","2014",11951.20945,-0.352479218,1,1,1
"153","Brazil","2015",11431.15448,-4.351483989,0,1,0
"154","Brazil","2016",10965.97426,-4.069407164,1,1,1
"155","Brazil","2017",11021.71826,0.508336054,1,0,0
"156","Brazil","2018",11079.70968,0.526155826,0,0,0
"157","Chile","1980",5172.035749,6.431307135,0,0,0
"158","Chile","1981",5432.150496,5.029252687,0,0,0
"159","Chile","1982",4767.199469,-12.24102732,0,0,0
"160","Chile","1983",4465.629293,-6.325939967,0,1,0
"161","Chile","1984",4583.38407,2.636913389,0,0,0
"162","Chile","1985",4697.516658,2.490138007,1,0,0
"163","Chile","1986",4875.127073,3.780942725,1,0,0
"164","Chile","1987",5109.170624,4.800768224,1,0,0
"165","Chile","1988",5397.026413,5.634100125,0,0,0
"166","Chile","1989",5836.713989,8.146848715,0,0,0
"167","Chile","1990",5933.207064,1.653208892,1,0,0
"168","Chile","1991",6291.684907,6.041889975,1,0,0
"169","Chile","1992",6879.779489,9.347171554,0,0,0
"170","Chile","1993",7214.692918,4.868083773,1,0,0
"171","Chile","1994",7459.177306,3.388701238,1,0,0
"172","Chile","1995",8004.315446,7.308287735,0,0,0
"173","Chile","1996",8427.821896,5.290976507,0,0,0
"174","Chile","1997",8932.072289,5.983163848,1,0,0
"175","Chile","1998",9199.197679,2.99063175,0,0,0
"176","Chile","1999",9049.471579,-1.627599544,0,0,0
"177","Chile","2000",9419.98295,4.094287354,1,0,0
"178","Chile","2001",9622.153629,2.146189438,0,0,0
"179","Chile","2002",9814.656135,2.000617675,1,0,0
"180","Chile","2003",10109.66805,3.005830357,0,0,0
"181","Chile","2004",10726.64485,6.102839367,1,0,0
"182","Chile","2005",11225.07995,4.64670087,0,0,0
"183","Chile","2006",11808.83477,5.200451342,1,0,0
"184","Chile","2007",12256.42969,3.790339389,1,0,0
"185","Chile","2008",12553.79484,2.426197172,1,0,0
"186","Chile","2009",12227.21453,-2.601446898,0,0,0
"187","Chile","2010",12808.03459,4.750223814,1,0,0
"188","Chile","2011",13455.83781,5.05778792,0,0,0
"189","Chile","2012",14035.67913,4.309217504,1,0,0
"190","Chile","2013",14461.17438,3.03152589,1,0,0
"191","Chile","2014",14561.32616,0.692556387,1,0,0
"192","Chile","2015",14722.36633,1.105944345,1,0,0
"193","Chile","2016",14771.25765,0.332088719,1,0,0
"194","Chile","2017",14748.51058,-0.153995449,1,0,0
"195","Chile","2018",15130.15432,2.587676494,0,0,0
"196","Colombia","1980",3926.932663,1.81406672,0,0,0
"197","Colombia","1981",3929.271874,0.059568383,1,0,0
"198","Colombia","1982",3881.114372,-1.225608808,0,0,0
"199","Colombia","1983",3858.128346,-0.592253248,1,1,1
"200","Colombia","1984",3903.518131,1.176471634,0,0,0
"201","Colombia","1985",3941.494739,0.972881564,1,0,0
"202","Colombia","1986",4086.288613,3.673577754,1,0,0
"203","Colombia","1987",4219.699435,3.264840891,1,0,0
"204","Colombia","1988",4304.660045,2.013428001,1,0,0
"205","Colombia","1989",4364.537041,1.390980826,0,0,0
"206","Colombia","1990",4462.731955,2.249835748,0,0,0
"207","Colombia","1991",4463.633754,0.020207322,0,0,0
"208","Colombia","1992",4554.5685,2.037235835,1,0,0
"209","Colombia","1993",4708.383819,3.377165555,1,0,0
"210","Colombia","1994",4889.1318,3.838854013,0,0,0
"211","Colombia","1995",5049.932455,3.288940887,0,0,0
"212","Colombia","1996",5062.711452,0.253052838,0,0,0
"213","Colombia","1997",5146.511012,1.655230808,1,0,0
"214","Colombia","1998",5089.422173,-1.109272656,1,1,1
"215","Colombia","1999",4796.058236,-5.764189464,1,1,1
"216","Colombia","2000",4857.801152,1.287367948,1,0,0
"217","Colombia","2001",4862.501547,0.096759724,0,0,0
"218","Colombia","2002",4908.730123,0.950715908,0,0,0
"219","Colombia","2003",5026.242155,2.393939549,0,0,0
"220","Colombia","2004",5219.792331,3.850792901,1,0,0
"221","Colombia","2005",5392.190579,3.302779819,1,0,0
"222","Colombia","2006",5684.022856,5.41212839,1,0,0
"223","Colombia","2007",5998.788143,5.537720293,1,0,0
"224","Colombia","2008",6121.74515,2.049697449,1,0,0
"225","Colombia","2009",6126.995515,0.085765812,0,0,0
"226","Colombia","2010",6326.549469,3.256962621,1,0,0
"227","Colombia","2011",6726.834686,6.327070066,1,0,0
"228","Colombia","2012",6926.625199,2.970052362,1,0,0
"229","Colombia","2013",7177.465798,3.621397024,1,0,0
"230","Colombia","2014",7441.310334,3.676012448,1,0,0
"231","Colombia","2015",7572.365505,1.761184057,0,0,0
"232","Colombia","2016",7626.002946,0.708331384,0,0,0
"233","Colombia","2017",7613.726577,-0.160980396,1,0,0
"234","Colombia","2018",7691.745564,1.024714856,0,0,0
"235","Costa Rica","1980",5023.735699,-1.925559289,0,0,0
"236","Costa Rica","1981",4778.922424,-4.873132074,1,0,0
"237","Costa Rica","1982",4311.760597,-9.775463702,1,0,0
"238","Costa Rica","1983",4316.046452,0.09939919,0,0,0
"239","Costa Rica","1984",4537.76595,5.137097115,1,0,0
"240","Costa Rica","1985",4449.44858,-1.946274243,0,0,0
"241","Costa Rica","1986",4572.916069,2.774894161,1,0,0
"242","Costa Rica","1987",4666.893024,2.055077205,0,0,0
"243","Costa Rica","1988",4703.041173,0.774565618,1,0,0
"244","Costa Rica","1989",4841.828289,2.951007882,0,0,0
"245","Costa Rica","1990",4884.602531,0.883431622,1,0,0
"246","Costa Rica","1991",4866.333183,-0.374019134,1,0,0
"247","Costa Rica","1992",5177.348246,6.391158419,1,0,0
"248","Costa Rica","1993",5403.268666,4.363631918,0,0,0
"249","Costa Rica","1994",5504.478222,1.873117216,0,0,0
"250","Costa Rica","1995",5591.194803,1.5753824,1,0,0
"251","Costa Rica","1996",5525.097212,-1.182172927,1,0,0
"252","Costa Rica","1997",5696.768255,3.107113525,0,0,0
"253","Costa Rica","1998",5957.299932,4.573324129,1,0,0
"254","Costa Rica","1999",6062.262095,1.761908321,0,0,0
"255","Costa Rica","2000",6172.408361,1.816916923,0,0,0
"256","Costa Rica","2001",6274.316086,1.651020457,1,0,0
"257","Costa Rica","2002",6375.203852,1.607948413,0,0,0
"258","Costa Rica","2003",6545.736721,2.674939862,0,0,0
"259","Costa Rica","2004",6730.831394,2.827713386,0,0,0
"260","Costa Rica","2005",6892.92318,2.40819857,1,0,0
"261","Costa Rica","2006",7289.903923,5.759250942,0,0,0
"262","Costa Rica","2007",7779.324927,6.713682506,1,0,0
"263","Costa Rica","2008",8034.329922,3.277983602,1,0,0
"264","Costa Rica","2009",7854.952375,-2.232638559,1,0,0
"265","Costa Rica","2010",8141.913127,3.653246237,1,0,0
"266","Costa Rica","2011",8390.479071,3.052918159,1,0,0
"267","Costa Rica","2012",8689.965168,3.569356339,0,0,0
"268","Costa Rica","2013",8785.741385,1.102147306,0,0,0
"269","Costa Rica","2014",8993.526002,2.365020868,0,0,0
"270","Costa Rica","2015",9219.389701,2.51140319,1,0,0
"271","Costa Rica","2016",9509.738189,3.149324392,1,0,0
"272","Costa Rica","2017",9732.269383,2.340034914,1,0,0
"273","Costa Rica","2018",9889.743515,1.618061785,0,0,0
"274","Ecuador","1980",3681.513472,1.046070933,0,0,0
"275","Ecuador","1981",3789.276257,2.927132726,0,0,0
"276","Ecuador","1982",3716.575461,-1.918593183,1,0,0
"277","Ecuador","1983",3611.633549,-2.823618507,0,1,0
"278","Ecuador","1984",3614.717412,0.085386931,0,0,0
"279","Ecuador","1985",3664.692634,1.382548506,0,0,0
"280","Ecuador","1986",3699.301137,0.944376702,0,0,0
"281","Ecuador","1987",3600.640256,-2.667014061,1,0,0
"282","Ecuador","1988",3721.586722,3.359026676,1,0,0
"283","Ecuador","1989",3670.123146,-1.382839628,1,0,0
"284","Ecuador","1990",3716.265702,1.257248148,0,0,0
"285","Ecuador","1991",3786.351822,1.88592867,0,0,0
"286","Ecuador","1992",3778.496069,-0.207475508,1,0,0
"287","Ecuador","1993",3766.815871,-0.309122933,1,0,0
"288","Ecuador","1994",3840.83194,1.96495055,0,0,0
"289","Ecuador","1995",3842.596475,0.04594147,1,0,0
"290","Ecuador","1996",3826.312622,-0.423772128,0,0,0
"291","Ecuador","1997",3908.982803,2.16057048,1,0,0
"292","Ecuador","1998",3954.935436,1.175564974,0,0,0
"293","Ecuador","1999",3693.713265,-6.604966749,0,1,0
"294","Ecuador","2000",3663.663784,-0.813530425,1,1,1
"295","Ecuador","2001",3741.870191,2.134650214,1,0,0
"296","Ecuador","2002",3827.360221,2.284687206,1,0,0
"297","Ecuador","2003",3865.052877,0.984821248,1,0,0
"298","Ecuador","2004",4112.674443,6.4066799,0,0,0
"299","Ecuador","2005",4258.421612,3.543853785,1,0,0
"300","Ecuador","2006",4372.091869,2.669304909,1,0,0
"301","Ecuador","2007",4393.724105,0.494779993,0,0,0
"302","Ecuador","2008",4596.145182,4.607050249,1,0,0
"303","Ecuador","2009",4547.509301,-1.058188534,1,0,0
"304","Ecuador","2010",4633.590358,1.892927572,1,0,0
"305","Ecuador","2011",4921.848409,6.221051678,0,0,0
"306","Ecuador","2012",5122.18009,4.070252971,0,0,0
"307","Ecuador","2013",5295.682696,3.387280468,0,0,0
"308","Ecuador","2014",5412.131646,2.198941227,0,0,0
"309","Ecuador","2015",5330.539154,-1.507585123,1,1,1
"310","Ecuador","2016",5176.058803,-2.898024887,1,1,1
"311","Ecuador","2017",5205.76302,0.573877117,0,0,0
"312","Ecuador","2018",5185.091461,-0.397089903,1,0,0
"313","El Salvador","1980",2557.248635,-13.30878873,0,0,0
"314","El Salvador","1981",2253.073496,-11.89462517,1,0,0
"315","El Salvador","1982",2079.408251,-7.707926312,1,0,0
"316","El Salvador","1983",2081.58919,0.104882705,0,0,0
"317","El Salvador","1984",2080.794275,-0.03818789,0,1,0
"318","El Salvador","1985",2065.731459,-0.72389743,0,1,0
"319","El Salvador","1986",2042.532179,-1.123054013,1,1,1
"320","El Salvador","1987",2066.932408,1.194606837,1,0,0
"321","El Salvador","1988",2078.771966,0.572808182,1,0,0
"322","El Salvador","1989",2071.602609,-0.344884249,0,0,0
"323","El Salvador","1990",2143.063269,3.449535121,1,0,0
"324","El Salvador","1991",2145.724904,0.124197691,1,0,0
"325","El Salvador","1992",2264.886718,5.553452547,0,0,0
"326","El Salvador","1993",2364.316323,4.390047586,1,0,0
"327","El Salvador","1994",2443.404124,3.345060072,1,0,0
"328","El Salvador","1995",2528.781149,3.494183566,1,0,0
"329","El Salvador","1996",2521.975127,-0.269142413,1,0,0
"330","El Salvador","1997",2575.532682,2.12363536,0,0,0
"331","El Salvador","1998",2620.415478,1.742660696,1,0,0
"332","El Salvador","1999",2655.466164,1.337600334,1,0,0
"333","El Salvador","2000",2665.715753,0.385980766,0,0,0
"334","El Salvador","2001",2671.37639,0.212349623,1,0,0
"335","El Salvador","2002",2697.6181,0.982329174,0,0,0
"336","El Salvador","2003",2725.161598,1.021030289,1,0,0
"337","El Salvador","2004",2735.871881,0.393014603,0,0,0
"338","El Salvador","2005",2796.79323,2.226761785,1,0,0
"339","El Salvador","2006",2905.16191,3.874747652,0,0,0
"340","El Salvador","2007",2946.414509,1.419975891,0,0,0
"341","El Salvador","2008",3009.370362,2.136693683,1,0,0
"342","El Salvador","2009",2934.18701,-2.498308379,1,0,0
"343","El Salvador","2010",2983.242708,1.671866786,1,0,0
"344","El Salvador","2011",3083.803376,3.370851043,1,0,0
"345","El Salvador","2012",3156.723845,2.3646277,0,0,0
"346","El Salvador","2013",3212.690005,1.772919113,0,0,0
"347","El Salvador","2014",3252.566502,1.24121833,1,0,0
"348","El Salvador","2015",3314.799828,1.913360583,0,0,0
"349","El Salvador","2016",3381.320343,2.006773228,0,0,0
"350","El Salvador","2017",3441.995074,1.794409426,0,0,0
"351","El Salvador","2018",3511.453782,2.017978144,1,0,0
"352","Guatemala","1980",2502.829316,1.233967272,0,0,0
"353","Guatemala","1981",2457.269363,-1.820338,0,0,0
"354","Guatemala","1982",2312.203685,-5.903531778,1,0,0
"355","Guatemala","1983",2197.427829,-4.963916336,0,1,0
"356","Guatemala","1984",2154.684459,-1.945154628,0,1,0
"357","Guatemala","1985",2090.313337,-2.987496504,0,1,0
"358","Guatemala","1986",2044.052146,-2.213122304,0,1,0
"359","Guatemala","1987",2067.371585,1.140843672,0,0,0
"360","Guatemala","1988",2098.42001,1.50183088,1,0,0
"361","Guatemala","1989",2131.050837,1.555018832,1,0,0
"362","Guatemala","1990",2146.566689,0.728084588,1,0,0
"363","Guatemala","1991",2173.60146,1.259442396,1,0,0
"364","Guatemala","1992",2225.891856,2.405702984,0,0,0
"365","Guatemala","1993",2259.736883,1.520515349,0,0,0
"366","Guatemala","1994",2296.901081,1.644625019,1,0,0
"367","Guatemala","1995",2355.863202,2.567029178,0,0,0
"368","Guatemala","1996",2371.280714,0.654431566,0,0,0
"369","Guatemala","1997",2419.995189,2.05435293,0,0,0
"370","Guatemala","1998",2484.727644,2.674900133,1,0,0
"371","Guatemala","1999",2522.828312,1.533394146,1,0,0
"372","Guatemala","2000",2554.748004,1.265234415,1,0,0
"373","Guatemala","2001",2554.22512,-0.020467163,1,0,0
"374","Guatemala","2002",2591.295436,1.451333167,0,0,0
"375","Guatemala","2003",2594.89212,0.138798672,0,0,0
"376","Guatemala","2004",2614.678522,0.762513506,0,0,0
"377","Guatemala","2005",2638.25592,0.901732197,1,0,0
"378","Guatemala","2006",2717.72527,3.012192614,0,0,0
"379","Guatemala","2007",2825.092573,3.950631209,0,0,0
"380","Guatemala","2008",2854.019876,1.023941773,1,0,0
"381","Guatemala","2009",2806.941142,-1.649558746,1,0,0
"382","Guatemala","2010",2825.483963,0.660606009,1,0,0
"383","Guatemala","2011",2880.39897,1.943561071,1,0,0
"384","Guatemala","2012",2903.407627,0.798801032,1,0,0
"385","Guatemala","2013",2948.014259,1.536354441,0,0,0
"386","Guatemala","2014",3007.920435,2.032085718,1,0,0
"387","Guatemala","2015",3069.003247,2.030732289,1,0,0
"388","Guatemala","2016",3100.829958,1.037037387,0,0,0
"389","Guatemala","2017",3123.90469,0.74414698,0,0,0
"390","Guatemala","2018",3159.967477,1.154413801,1,0,0
"391","Guyana","1980",2012.36713,1.225450439,0,0,0
"392","Guyana","1981",2038.349939,1.291156472,0,0,0
"393","Guyana","1982",1770.58961,-13.13613153,1,0,0
"394","Guyana","1983",1655.192993,-6.517411857,0,1,0
"395","Guyana","1984",1579.519191,-4.571902007,0,1,0
"396","Guyana","1985",1627.46575,3.035516049,0,0,0
"397","Guyana","1986",1625.444197,-0.12421477,0,0,0
"398","Guyana","1987",1655.215798,1.831597851,0,0,0
"399","Guyana","1988",1608.539654,-2.819943089,0,1,0
"400","Guyana","1989",1539.820626,-4.27213765,0,1,0
"401","Guyana","1990",1497.157141,-2.770678886,0,1,0
"402","Guyana","1991",1585.368144,5.891900119,0,0,0
"403","Guyana","1992",1698.938826,7.163678787,1,0,0
"404","Guyana","1993",1824.32316,7.380155931,1,0,0
"405","Guyana","1994",1967.584024,7.852822714,1,0,0
"406","Guyana","1995",2060.080554,4.70102058,1,0,0
"407","Guyana","1996",2225.42054,8.025899093,1,0,0
"408","Guyana","1997",2371.773261,6.57640738,1,0,0
"409","Guyana","1998",2344.91742,-1.132310621,1,0,0
"410","Guyana","1999",2427.547497,3.523794756,0,0,0
"411","Guyana","2000",2403.928935,-0.972939245,0,0,0
"412","Guyana","2001",2463.705799,2.486631908,0,0,0
"413","Guyana","2002",2493.005423,1.189250122,0,0,0
"414","Guyana","2003",2476.067129,-0.679432707,0,0,0
"415","Guyana","2004",2512.773688,1.482454114,0,0,0
"416","Guyana","2005",2462.343933,-2.006935823,1,0,0
"417","Guyana","2006",2588.028236,5.104254603,1,0,0
"418","Guyana","2007",2769.212455,7.000859422,1,0,0
"419","Guyana","2008",2822.65302,1.929810961,1,0,0
"420","Guyana","2009",2919.396007,3.427377939,0,0,0
"421","Guyana","2010",3033.247725,3.899838089,0,0,0
"422","Guyana","2011",3179.85921,4.833482086,0,0,0
"423","Guyana","2012",3332.703028,4.806622152,0,0,0
"424","Guyana","2013",3482.016358,4.480247089,1,0,0
"425","Guyana","2014",3598.347104,3.340901769,0,0,0
"426","Guyana","2015",3688.692257,2.510740355,1,0,0
"427","Guyana","2016",3793.305755,2.836059246,1,0,0
"428","Guyana","2017",3853.705917,1.592282996,1,0,0
"429","Guyana","2018",3992.226259,3.594471019,0,0,0
"430","Honduras","1980",1589.895439,-2.453541853,0,0,0
"431","Honduras","1981",1522.999418,-4.207573577,0,0,0
"432","Honduras","1982",1446.50704,-5.02248244,1,0,0
"433","Honduras","1983",1415.911963,-2.115100436,0,1,0
"434","Honduras","1984",1460.738369,3.165903443,0,0,0
"435","Honduras","1985",1497.40428,2.51009437,0,0,0
"436","Honduras","1986",1531.055128,2.24727869,0,0,0
"437","Honduras","1987",1585.264585,3.540660037,0,0,0
"438","Honduras","1988",1566.452533,-1.186682129,0,0,0
"439","Honduras","1989",1563.167871,-0.209687969,0,0,0
"440","Honduras","1990",1561.216284,-0.124848219,1,1,1
"441","Honduras","1991",1466.975501,-6.036369457,1,1,1
"442","Honduras","1992",1512.731584,3.119076204,0,0,0
"443","Honduras","1993",1566.277605,3.539690773,1,0,0
"444","Honduras","1994",1525.880659,-2.57916893,1,0,0
"445","Honduras","1995",1574.895823,3.212254063,0,0,0
"446","Honduras","1996",1559.081446,-1.004153828,1,0,0
"447","Honduras","1997",1584.673368,1.641474337,0,0,0
"448","Honduras","1998",1595.46161,0.680786473,1,0,0
"449","Honduras","1999",1539.96832,-3.478196532,1,1,1
"450","Honduras","2000",1607.679685,4.396932354,1,0,0
"451","Honduras","2001",1608.068654,0.024194433,1,0,0
"452","Honduras","2002",1625.737607,1.098768608,1,0,0
"453","Honduras","2003",1657.313458,1.942247685,1,0,0
"454","Honduras","2004",1717.902237,3.655843027,0,0,0
"455","Honduras","2005",1778.850071,3.547805735,1,0,0
"456","Honduras","2006",1852.139541,4.120047599,1,0,0
"457","Honduras","2007",1922.874655,3.819102897,1,0,0
"458","Honduras","2008",1960.939225,1.979565807,1,0,0
"459","Honduras","2009",1873.394109,-4.464448189,1,1,1
"460","Honduras","2010",1904.346465,1.652207395,1,0,0
"461","Honduras","2011",1939.338627,1.837489275,1,0,0
"462","Honduras","2012",1982.009738,2.200291905,0,0,0
"463","Honduras","2013",2000.792449,0.947659871,0,0,0
"464","Honduras","2014",2025.814195,1.250591786,0,0,0
"465","Honduras","2015",2067.290034,2.047366391,1,0,0
"466","Honduras","2016",2111.193164,2.123704453,1,0,0
"467","Honduras","2017",2176.295165,3.083659135,1,0,0
"468","Honduras","2018",2219.436469,1.982327776,0,0,0
"469","Mexico","1980",8016.884744,6.593595879,1,0,0
"470","Mexico","1981",8494.012101,5.951530694,0,0,0
"471","Mexico","1982",8253.446209,-2.832182112,1,0,0
"472","Mexico","1983",7784.85919,-5.677471057,1,1,1
"473","Mexico","1984",7872.457697,1.125242021,1,0,0
"474","Mexico","1985",7872.017716,-0.005588859,1,1,1
"475","Mexico","1986",7470.792683,-5.096851249,0,1,0
"476","Mexico","1987",7445.85369,-0.333819899,1,1,1
"477","Mexico","1988",7393.108281,-0.708386324,1,1,1
"478","Mexico","1989",7548.976672,2.108293088,1,0,0
"479","Mexico","1990",7790.799673,3.203387849,1,0,0
"480","Mexico","1991",7970.144395,2.302006591,1,0,0
"481","Mexico","1992",8104.291077,1.683114828,1,0,0
"482","Mexico","1993",8117.089816,0.157925459,1,0,0
"483","Mexico","1994",8373.513529,3.159059689,0,0,0
"484","Mexico","1995",7717.721531,-7.831742255,1,1,1
"485","Mexico","1996",8109.198698,5.072444833,0,0,0
"486","Mexico","1997",8530.355085,5.19356354,1,0,0
"487","Mexico","1998",8835.875543,3.581567884,1,0,0
"488","Mexico","1999",8946.132877,1.247837106,1,0,0
"489","Mexico","2000",9253.968046,3.440985879,1,0,0
"490","Mexico","2001",9088.053319,-1.792903613,1,0,0
"491","Mexico","2002",8960.554086,-1.402932265,1,1,1
"492","Mexico","2003",8967.02919,0.072262315,1,0,0
"493","Mexico","2004",9190.741592,2.494832985,0,0,0
"494","Mexico","2005",9270.656542,0.869515797,1,0,0
"495","Mexico","2006",9547.333571,2.984438342,1,0,0
"496","Mexico","2007",9622.047957,0.782568094,1,0,0
"497","Mexico","2008",9587.636339,-0.357632988,1,1,1
"498","Mexico","2009",8947.741474,-6.67416705,1,1,1
"499","Mexico","2010",9271.398233,3.617189436,1,0,0
"500","Mexico","2011",9477.887185,2.227160852,1,0,0
"501","Mexico","2012",9690.869065,2.247145121,1,0,0
"502","Mexico","2013",9693.722969,0.029449417,1,0,0
"503","Mexico","2014",9839.050191,1.499188933,1,0,0
"504","Mexico","2015",10037.20149,2.013927114,1,0,0
"505","Mexico","2016",10205.79575,1.679693916,1,0,0
"506","Mexico","2017",10301.35788,0.936351596,1,0,0
"507","Mexico","2018",10403.5404,0.991932458,1,0,0
"508","Nicaragua","1980",1650.378339,1.596862442,0,0,0
"509","Nicaragua","1981",1689.925975,2.396276946,0,0,0
"510","Nicaragua","1982",1630.052438,-3.542968033,1,0,0
"511","Nicaragua","1983",1659.810956,1.825617239,0,0,0
"512","Nicaragua","1984",1591.98889,-4.086131995,0,1,0
"513","Nicaragua","1985",1489.646281,-6.428600657,0,1,0
"514","Nicaragua","1986",1440.248129,-3.316099455,0,1,0
"515","Nicaragua","1987",1398.420028,-2.904228801,0,1,0
"516","Nicaragua","1988",1198.009217,-14.33123145,1,1,1
"517","Nicaragua","1989",1151.979133,-3.842214568,0,1,0
"518","Nicaragua","1990",1126.413668,-2.219264557,0,1,0
"519","Nicaragua","1991",1099.482176,-2.390905975,0,1,0
"520","Nicaragua","1992",1079.214075,-1.843422479,1,1,1
"521","Nicaragua","1993",1051.369791,-2.580051924,1,1,1
"522","Nicaragua","1994",1063.462471,1.150183312,1,0,0
"523","Nicaragua","1995",1103.773968,3.79058951,0,0,0
"524","Nicaragua","1996",1151.670685,4.339359173,1,0,0
"525","Nicaragua","1997",1176.003189,2.112800493,1,0,0
"526","Nicaragua","1998",1199.041528,1.959037137,1,0,0
"527","Nicaragua","1999",1262.733325,5.311892468,0,0,0
"528","Nicaragua","2000",1294.231278,2.494426358,0,0,0
"529","Nicaragua","2001",1312.852319,1.438772315,1,0,0
"530","Nicaragua","2002",1304.006005,-0.673823995,0,0,0
"531","Nicaragua","2003",1318.488556,1.110619944,0,0,0
"532","Nicaragua","2004",1369.68274,3.882793224,1,0,0
"533","Nicaragua","2005",1408.968076,2.868206974,1,0,0
"534","Nicaragua","2006",1447.49251,2.734230433,1,0,0
"535","Nicaragua","2007",1500.206755,3.641762867,1,0,0
"536","Nicaragua","2008",1530.573418,2.024165213,1,0,0
"537","Nicaragua","2009",1460.05611,-4.607247667,1,1,1
"538","Nicaragua","2010",1503.870423,3.000865042,0,0,0
"539","Nicaragua","2011",1577.487172,4.895152347,0,0,0
"540","Nicaragua","2012",1657.651525,5.08177527,1,0,0
"541","Nicaragua","2013",1716.389195,3.543426943,0,0,0
"542","Nicaragua","2014",1775.027517,3.41637678,1,0,0
"543","Nicaragua","2015",1836.014009,3.435805407,0,0,0
"544","Nicaragua","2016",1895.214691,3.224413431,0,0,0
"545","Nicaragua","2017",1957.869573,3.305951711,0,0,0
"546","Nicaragua","2018",1857.056125,-5.149140166,1,0,0
"547","Panama","1980",4428.695181,10.38764061,0,0,0
"548","Panama","1981",4723.081995,6.647258432,0,0,0
"549","Panama","1982",4861.03806,2.92089075,0,0,0
"550","Panama","1983",4537.459919,-6.656564642,1,1,1
"551","Panama","1984",4556.330919,0.415893481,0,0,0
"552","Panama","1985",4676.20666,2.630970899,1,0,0
"553","Panama","1986",4737.794872,1.317054972,0,0,0
"554","Panama","1987",4552.223575,-3.916828437,1,1,1
"555","Panama","1988",3859.42581,-15.21888706,1,1,1
"556","Panama","1989",3837.296829,-0.573374963,1,1,1
"557","Panama","1990",4061.588833,5.845052222,0,0,0
"558","Panama","1991",4352.257557,7.156527573,0,0,0
"559","Panama","1992",4612.623973,5.982330151,0,0,0
"560","Panama","1993",4765.077946,3.305146336,1,0,0
"561","Panama","1994",4801.313147,0.760432507,1,0,0
"562","Panama","1995",4786.355577,-0.311530821,0,0,0
"563","Panama","1996",4880.750151,1.972159665,1,0,0
"564","Panama","1997",5091.18307,4.311487217,1,0,0
"565","Panama","1998",5355.359255,5.188895812,0,0,0
"566","Panama","1999",5454.855725,1.857885991,0,0,0
"567","Panama","2000",5493.64237,0.711048054,1,0,0
"568","Panama","2001",5419.109419,-1.35671283,0,1,0
"569","Panama","2002",5435.169383,0.296357993,0,0,0
"570","Panama","2003",5558.096499,2.261697975,0,0,0
"571","Panama","2004",5865.941644,5.538679386,0,0,0
"572","Panama","2005",6172.866331,5.232317432,1,0,0
"573","Panama","2006",6585.456941,6.683938828,0,0,0
"574","Panama","2007",7242.248874,9.973369182,1,0,0
"575","Panama","2008",7814.537245,7.902080986,1,0,0
"576","Panama","2009",7772.388756,-0.539360011,1,0,0
"577","Panama","2010",8082.028459,3.983842194,0,0,0
"578","Panama","2011",8841.561277,9.397799359,1,0,0
"579","Panama","2012",9541.060213,7.911486596,1,0,0
"580","Panama","2013",10027.34623,5.096771298,0,0,0
"581","Panama","2014",10357.50418,3.292575557,1,0,0
"582","Panama","2015",10765.91029,3.943093867,1,0,0
"583","Panama","2016",11108.5907,3.183013796,0,0,0
"584","Panama","2017",11501.15728,3.533900797,0,0,0
"585","Panama","2018",11723.93056,1.936964073,0,0,0
"586","Paraguay","1980",3152.695586,8.675689295,0,0,0
"587","Paraguay","1981",3345.814327,6.125511819,0,0,0
"588","Paraguay","1982",3205.175579,-4.203423561,1,0,0
"589","Paraguay","1983",3018.271983,-5.831306007,1,1,1
"590","Paraguay","1984",3014.010499,-0.141189536,0,1,0
"591","Paraguay","1985",3060.411375,1.539506122,0,0,0
"592","Paraguay","1986",3121.613378,1.999796599,0,0,0
"593","Paraguay","1987",3264.537364,4.578529403,0,0,0
"594","Paraguay","1988",3362.647343,3.00532566,1,0,0
"595","Paraguay","1989",3499.053786,4.056519431,0,0,0
"596","Paraguay","1990",3547.550486,1.385994696,0,0,0
"597","Paraguay","1991",3577.52412,0.8449107,0,0,0
"598","Paraguay","1992",3547.630808,-0.835586583,0,0,0
"599","Paraguay","1993",3632.450345,2.390878361,0,0,0
"600","Paraguay","1994",3734.964854,2.822186089,0,0,0
"601","Paraguay","1995",3897.292795,4.346170519,1,0,0
"602","Paraguay","1996",3868.896746,-0.728609582,1,0,0
"603","Paraguay","1997",3943.897172,1.938548141,0,0,0
"604","Paraguay","1998",3861.790486,-2.081866812,0,1,0
"605","Paraguay","1999",3729.800155,-3.417853221,1,1,1
"606","Paraguay","2000",3570.352036,-4.274977563,0,1,0
"607","Paraguay","2001",3471.931105,-2.756616979,0,1,0
"608","Paraguay","2002",3406.232626,-1.892274849,0,1,0
"609","Paraguay","2003",3489.681041,2.449874221,1,0,0
"610","Paraguay","2004",3569.447438,2.285779018,1,0,0
"611","Paraguay","2005",3587.045387,0.493016048,1,0,0
"612","Paraguay","2006",3702.822918,3.227657269,0,0,0
"613","Paraguay","2007",3848.118983,3.923926917,1,0,0
"614","Paraguay","2008",4037.053137,4.909779406,1,0,0
"615","Paraguay","2009",3972.630274,-1.595789314,1,0,0
"616","Paraguay","2010",4355.934939,9.648636754,1,0,0
"617","Paraguay","2011",4479.398934,2.834385667,0,0,0
"618","Paraguay","2012",4394.543881,-1.894340158,1,0,0
"619","Paraguay","2013",4699.493714,6.939282909,1,0,0
"620","Paraguay","2014",4861.287099,3.442783303,1,0,0
"621","Paraguay","2015",4944.191641,1.705403129,0,0,0
"622","Paraguay","2016",5089.61202,2.941236699,0,0,0
"623","Paraguay","2017",5272.57579,3.594847098,0,0,0
"624","Paraguay","2018",5396.480812,2.349990344,0,0,0
"625","Peru","1980",3687.80074,3.321728981,0,0,0
"626","Peru","1981",3797.800325,2.982796343,1,0,0
"627","Peru","1982",3698.646768,-2.610815434,0,0,0
"628","Peru","1983",3235.621907,-12.51876402,1,1,1
"629","Peru","1984",3274.504562,1.201705758,0,0,0
"630","Peru","1985",3265.409399,-0.277756919,0,1,0
"631","Peru","1986",3492.397284,6.95128413,1,0,0
"632","Peru","1987",3746.713409,7.28199296,1,0,0
"633","Peru","1988",3318.84377,-11.41986569,0,1,0
"634","Peru","1989",2848.191175,-14.18122175,1,1,1
"635","Peru","1990",2650.213975,-6.950980025,1,1,1
"636","Peru","1991",2654.788675,0.172616257,0,0,0
"637","Peru","1992",2589.343113,-2.465189162,1,1,1
"638","Peru","1993",2673.740734,3.25942207,0,0,0
"639","Peru","1994",2947.027033,10.22112187,1,0,0
"640","Peru","1995",3107.114356,5.43216338,1,0,0
"641","Peru","1996",3135.414596,0.910820675,0,0,0
"642","Peru","1997",3277.955736,4.546165599,1,0,0
"643","Peru","1998",3208.224499,-2.127278175,0,0,0
"644","Peru","1999",3203.713757,-0.140599311,0,0,0
"645","Peru","2000",3242.579157,1.213135854,1,0,0
"646","Peru","2001",3221.302547,-0.656163165,1,0,0
"647","Peru","2002",3359.162687,4.279639615,1,0,0
"648","Peru","2003",3464.396878,3.132750648,0,0,0
"649","Peru","2004",3602.999725,4.000778546,0,0,0
"650","Peru","2005",3796.2034,5.362300567,0,0,0
"651","Peru","2006",4047.748036,6.626215977,0,0,0
"652","Peru","2007",4356.738965,7.633650272,1,0,0
"653","Peru","2008",4716.197262,8.250627366,0,0,0
"654","Peru","2009",4729.735977,0.287068446,0,0,0
"655","Peru","2010",5082.354757,7.455358648,1,0,0
"656","Peru","2011",5360.226632,5.467384491,1,0,0
"657","Peru","2012",5642.578115,5.267528821,1,0,0
"658","Peru","2013",5919.209568,4.90257197,1,0,0
"659","Peru","2014",5996.496965,1.305704682,1,0,0
"660","Peru","2015",6114.227214,1.963317088,1,0,0
"661","Peru","2016",6262.368905,2.422901295,0,0,0
"662","Peru","2017",6314.291438,0.829119681,1,0,0
"663","Peru","2018",6453.560525,2.205617031,0,0,0
"664","Suriname","1980",6854.177386,-8.97782426,0,0,0
"665","Suriname","1981",7328.104938,6.914433711,0,0,0
"666","Suriname","1982",7005.210953,-4.406241272,1,0,0
"667","Suriname","1983",6706.809804,-4.259702547,1,1,1
"668","Suriname","1984",6535.058852,-2.560844234,1,1,1
"669","Suriname","1985",6595.149313,0.919509112,0,0,0
"670","Suriname","1986",6550.148163,-0.682337093,1,1,1
"671","Suriname","1987",6032.828158,-7.897836693,0,1,0
"672","Suriname","1988",6372.210884,5.625599091,0,0,0
"673","Suriname","1989",6502.660826,2.047169246,1,0,0
"674","Suriname","1990",6086.152326,-6.405201052,0,1,0
"675","Suriname","1991",6131.872073,0.751209384,1,0,0
"676","Suriname","1992",6044.439748,-1.425866758,1,1,1
"677","Suriname","1993",5542.293872,-8.30756691,1,1,1
"678","Suriname","1994",5637.5476,1.718669748,1,0,0
"679","Suriname","1995",5551.475833,-1.526759021,0,1,0
"680","Suriname","1996",5527.404185,-0.433608092,0,0,0
"681","Suriname","1997",5765.949253,4.315679849,1,0,0
"682","Suriname","1998",5825.833197,1.038579104,1,0,0
"683","Suriname","1999",5675.718217,-2.576712636,0,1,0
"684","Suriname","2000",5726.444612,0.893744071,0,0,0
"685","Suriname","2001",5896.465489,2.969047783,0,0,0
"686","Suriname","2002",5990.472149,1.594288311,0,0,0
"687","Suriname","2003",6293.392814,5.056707677,0,0,0
"688","Suriname","2004",6748.979787,7.239131366,1,0,0
"689","Suriname","2005",6970.996803,3.289638175,1,0,0
"690","Suriname","2006",7289.760127,4.572707934,0,0,0
"691","Suriname","2007",7574.146811,3.901180271,0,0,0
"692","Suriname","2008",7797.337761,2.946747081,0,0,0
"693","Suriname","2009",7940.380779,1.834510987,0,0,0
"694","Suriname","2010",8255.796859,3.972304211,0,0,0
"695","Suriname","2011",8639.953578,4.653175527,0,0,0
"696","Suriname","2012",8772.961221,1.539448592,0,0,0
"697","Suriname","2013",8930.551779,1.79632115,0,0,0
"698","Suriname","2014",8856.565588,-0.828461589,0,1,0
"699","Suriname","2015",8464.653142,-4.425106353,0,1,0
"700","Suriname","2016",7912.618008,-6.521650973,0,1,0
"701","Suriname","2017",7967.016879,0.687495235,0,0,0
"702","Suriname","2018",8040.940111,0.927865887,0,0,0
"703","Uruguay","1980",7355.208814,5.128154722,0,0,0
"704","Uruguay","1981",7420.983919,0.89426564,1,0,0
"705","Uruguay","1982",6653.235964,-10.34563561,0,0,0
"706","Uruguay","1983",5931.135763,-10.85336828,0,1,0
"707","Uruguay","1984",5825.723193,-1.777274601,0,1,0
"708","Uruguay","1985",5873.329518,0.817174511,0,0,0
"709","Uruguay","1986",6350.418975,8.122981271,0,0,0
"710","Uruguay","1987",6815.441657,7.322708686,1,0,0
"711","Uruguay","1988",6873.271625,0.848513867,0,0,0
"712","Uruguay","1989",6904.394483,0.452809965,0,0,0
"713","Uruguay","1990",6878.145286,-0.380181022,0,0,0
"714","Uruguay","1991",7071.38642,2.809494793,1,0,0
"715","Uruguay","1992",7577.085161,7.151337967,0,0,0
"716","Uruguay","1993",7721.462714,1.90544978,0,0,0
"717","Uruguay","1994",8223.12065,6.496928823,1,0,0
"718","Uruguay","1995",8045.946644,-2.154583571,0,0,0
"719","Uruguay","1996",8434.319412,4.826936912,1,0,0
"720","Uruguay","1997",9091.474285,7.791439244,0,0,0
"721","Uruguay","1998",9441.994882,3.855486871,0,0,0
"722","Uruguay","1999",9211.427515,-2.441934888,0,0,0
"723","Uruguay","2000",9001.750048,-2.276275498,0,1,0
"724","Uruguay","2001",8640.77852,-4.010015008,0,1,0
"725","Uruguay","2002",7971.313776,-7.747736413,1,1,1
"726","Uruguay","2003",8041.240178,0.877225559,0,0,0
"727","Uruguay","2004",8449.209089,5.073457605,0,0,0
"728","Uruguay","2005",9078.637456,7.449553681,1,0,0
"729","Uruguay","2006",9440.50698,3.985945312,0,0,0
"730","Uruguay","2007",10038.89509,6.338516713,1,0,0
"731","Uruguay","2008",10732.01128,6.904307469,1,0,0
"732","Uruguay","2009",11155.84525,3.949250144,0,0,0
"733","Uruguay","2010",11992.01663,7.49536553,0,0,0
"734","Uruguay","2011",12574.90357,4.860624876,0,0,0
"735","Uruguay","2012",12981.14011,3.23053406,1,0,0
"736","Uruguay","2013",13541.20711,4.314466923,1,0,0
"737","Uruguay","2014",13934.57617,2.904977807,0,0,0
"738","Uruguay","2015",13938.79007,0.030240592,1,0,0
"739","Uruguay","2016",14124.14386,1.32976957,1,0,0
"740","Uruguay","2017",14437.38469,2.217768644,0,0,0
"741","Uruguay","2018",14617.464,1.247312548,1,0,0
"742","Venezuela","1980",14269.39036,-7.010819866,0,0,0
"743","Venezuela","1981",13839.0924,-3.015531515,0,0,0
"744","Venezuela","1982",13197.38638,-4.636908263,0,0,0
"745","Venezuela","1983",12371.82943,-6.255457938,0,1,0
"746","Venezuela","1984",12227.83078,-1.163923646,0,1,0
"747","Venezuela","1985",11938.22768,-2.368393038,0,1,0
"748","Venezuela","1986",12391.70801,3.798556557,0,0,0
"749","Venezuela","1987",12511.19014,0.964210312,0,0,0
"750","Venezuela","1988",12909.48361,3.183497818,0,0,0
"751","Venezuela","1989",11515.18242,-10.80059613,0,1,0
"752","Venezuela","1990",11968.85422,3.939770825,0,0,0
"753","Venezuela","1991",12830.40296,7.198255837,1,0,0
"754","Venezuela","1992",13302.58874,3.680210063,1,0,0
"755","Venezuela","1993",13047.7613,-1.915622934,1,0,0
"756","Venezuela","1994",12469.67303,-4.430555237,1,1,1
"757","Venezuela","1995",12692.59608,1.787721701,0,0,0
"758","Venezuela","1996",12410.25775,-2.224433309,0,1,0
"759","Venezuela","1997",12939.58332,4.265226232,1,0,0
"760","Venezuela","1998",12726.41127,-1.647441371,1,1,1
"761","Venezuela","1999",11739.11017,-7.757890908,1,1,1
"762","Venezuela","2000",11944.20584,1.747114297,1,0,0
"763","Venezuela","2001",12122.12134,1.489554925,1,0,0
"764","Venezuela","2002",10848.81672,-10.50397526,1,1,1
"765","Venezuela","2003",9830.736771,-9.384248743,0,1,0
"766","Venezuela","2004",11429.40698,16.26195718,1,0,0
"767","Venezuela","2005",12400.77476,8.498846743,1,0,0
"768","Venezuela","2006",13413.01409,8.16271041,1,0,0
"769","Venezuela","2007",14374.37437,7.167369512,1,0,0
"770","Venezuela","2008",14920.44741,3.798934326,1,0,0
"771","Venezuela","2009",14239.0392,-4.566942212,0,1,0
"772","Venezuela","2010",13825.35809,-2.90526003,1,1,1
"773","Venezuela","2011",14179.19231,2.559313287,1,0,0
"774","Venezuela","2012",14735.09354,3.920542223,1,0,0
"775","Venezuela","2013",14721.85595,-0.089837107,0,0,0
"776","Venezuela","2014",14025.35756,-4.731050162,0,0,0
"777","Venezuela","2015",NA,NA,0,0,0
"778","Venezuela","2016",NA,NA,0,0,0
"779","Venezuela","2017",NA,NA,0,0,0
"780","Venezuela","2018",NA,NA,0,0,0
